0,0
H6G84_RS01130,1.6680057
H6G84_RS04855,0.4517119
H6G84_RS00870,0.8658957
H6G84_RS08385,0.77216053
H6G84_RS09745,1.2766429
H6G84_RS01795,0.9281145
H6G84_RS12485,0.9119405
H6G84_RS02065,1.1450139
H6G84_RS06260,0.88119334
H6G84_RS06060,0.79333943
H6G84_RS13065,1.0014651
H6G84_RS11535,1.3536886
H6G84_RS03740,2.7117603
H6G84_RS07270,1.1801344
H6G84_RS04910,1.5018731
H6G84_RS10905,0.82676816
H6G84_RS04445,0.8968773
H6G84_RS08505,0.8026107
H6G84_RS11790,0.90051675
H6G84_RS11970,1.1509457
H6G84_RS03125,0.86857396
H6G84_RS05250,0.4517274
H6G84_RS02260,0.8499577
H6G84_RS03380,1.3385665
H6G84_RS03180,1.4165491
H6G84_RS08955,0.9151806
H6G84_RS00080,1.3900378
H6G84_RS01690,1.3875538
H6G84_RS07370,0.89757407
H6G84_RS07065,0.98828536
H6G84_RS10965,0.866428
H6G84_RS12810,0.8583339
H6G84_RS12160,0.57365197
H6G84_RS03615,1.143124
H6G84_RS03495,1.5345811
H6G84_RS04575,0.8810719
H6G84_RS10470,1.0203793
H6G84_RS09475,0.77854013
H6G84_RS02855,0.30498502
H6G84_RS09500,0.662606
H6G84_RS07175,0.9068674
H6G84_RS07330,0.8552191
H6G84_RS08430,1.5871595
H6G84_RS07345,1.3774921
H6G84_RS13685,1.0267642
H6G84_RS10475,1.3417236
H6G84_RS12900,1.5038025
H6G84_RS11420,1.4464931
H6G84_RS09950,0.9515128
H6G84_RS13525,0.95936394
H6G84_RS05955,1.2642949
H6G84_RS04225,0.8886606
H6G84_RS02085,0.8185739
H6G84_RS12940,1.4615432
H6G84_RS02775,1.5723774
H6G84_RS13710,1.3018216
H6G84_RS09975,1.3152483
H6G84_RS12045,0.5497645
H6G84_RS05285,0.64092505
H6G84_RS09205,1.2190533
H6G84_RS08960,0.87176406
H6G84_RS09485,0.9756954
H6G84_RS03075,1.0959883
H6G84_RS12065,1.0086658
H6G84_RS10085,0.41330963
H6G84_RS04325,1.5254219
H6G84_RS13220,1.2793825
H6G84_RS12550,0.9209044
H6G84_RS06495,1.5948668
H6G84_RS08425,0.82506275
H6G84_RS04755,0.7920143
H6G84_RS07975,1.5874242
H6G84_RS10220,0.9411973
H6G84_RS03585,0.875249
H6G84_RS02710,0.7604062
H6G84_RS02820,1.17486
H6G84_RS03685,1.470505
H6G84_RS01595,0.9384016
H6G84_RS12265,0.92263854
H6G84_RS08775,0.8312889
H6G84_RS09275,0.82109785
H6G84_RS03910,0.7571424
H6G84_RS08910,1.0912176
H6G84_RS03915,0.3291591
H6G84_RS12060,0.87383306
H6G84_RS03905,0.81027013
H6G84_RS12285,0.8465021
H6G84_RS04530,1.439739
H6G84_RS04985,1.4663378
H6G84_RS07765,0.5453852
H6G84_RS00595,1.4216055
H6G84_RS01315,1.4454854
H6G84_RS04785,0.74840957
H6G84_RS11990,0.96362597
H6G84_RS01735,0.92890364
H6G84_RS04070,1.494302
H6G84_RS10325,0.9246975
H6G84_RS00810,1.5857314
H6G84_RS11685,1.2811338
H6G84_RS00730,0.5212741
H6G84_RS13475,1.638848
H6G84_RS05725,0.77734303
H6G84_RS12560,0.63714594
H6G84_RS07435,1.6346502
H6G84_RS09715,0.86873734
H6G84_RS09525,0.48480624
H6G84_RS04830,1.6636094
H6G84_RS02765,0.84349346
H6G84_RS08200,0.88177
H6G84_RS05795,0.84387726
H6G84_RS08205,0.8871335
H6G84_RS12315,1.5449028
H6G84_RS08765,1.4969575
H6G84_RS09960,1.2446961
H6G84_RS00560,0.7513806
H6G84_RS03360,1.5525513
H6G84_RS08885,1.3259926
H6G84_RS04260,0.8400779
H6G84_RS13040,1.0231266
H6G84_RS12975,0.78414994
H6G84_RS06380,0.76137453
H6G84_RS04295,1.1505647
H6G84_RS08525,1.616229
H6G84_RS02205,0.6344874
H6G84_RS11960,1.5510205
H6G84_RS06285,0.8893984
H6G84_RS12820,1.3115408
H6G84_RS09935,1.4377973
H6G84_RS02020,0.8569831
H6G84_RS04505,0.99336463
H6G84_RS13470,0.8467049
H6G84_RS00820,1.2148209
H6G84_RS13300,1.2634866
H6G84_RS11200,0.80671465
H6G84_RS05575,0.87154895
H6G84_RS12735,0.8584395
H6G84_RS02950,1.4541296
H6G84_RS02410,0.8202505
H6G84_RS10655,1.5169797
H6G84_RS04975,1.7275531
H6G84_RS08225,1.1465228
H6G84_RS06980,1.5697831
H6G84_RS13700,1.6538074
H6G84_RS07445,1.2312187
H6G84_RS04365,1.3924497
H6G84_RS10335,0.7585416
H6G84_RS05805,1.2757312
H6G84_RS05460,1.4651723
H6G84_RS01645,0.80999786
H6G84_RS11285,0.76456684
H6G84_RS03975,0.63389957
H6G84_RS07055,1.490773
H6G84_RS01390,0.65711105
H6G84_RS08975,0.8729749
H6G84_RS06645,0.84161407
H6G84_RS06185,0.487571
H6G84_RS12555,1.0819218
0,0.026127443
1,4.3316493
2,8.266518
3,8.821912
4,0.07246119
5,5.262927
6,4.733876
7,13.0307865
8,4.04722
9,8.37701
10,2.074848
11,6.888034
12,0.008877711
13,0.020908184
14,6.6352386
15,6.2666817
16,4.3359694
17,5.3640842
18,5.1636405
19,7.9168324
20,5.7802553
21,5.403553
22,0.08745769
23,5.557297
24,5.810035
25,4.3239202
26,6.9533863
27,10.03916
28,0.040399864
29,0.05511124
30,4.4117785
31,6.0101366
32,7.015271
33,4.6189384
34,6.8504405
35,8.661581
36,5.019188
37,9.009783
38,9.208725
39,0.058199793
40,5.5376444
41,5.1117816
42,0.0208859
43,2.4241354
44,11.463055
45,7.293153
46,5.778408
47,7.6405025
48,4.75888
49,4.387663
50,5.274385
51,0.24271953
52,5.700222
53,8.022449
54,4.7176886
55,7.54399
56,8.004475
57,13.525044
58,4.7518167
P_aas,1.0908275
P_tesA,6.762505
P_rpaA,0.9643042
P_kaiBC,1.1241975
P_rpaA_D53E,1.2614194
P_OX_plasmid,1.4198029
P_Subjective_dawn,0.9583836
P_Subjective_dusk,2.116618
P_N (mg/L),0.9085157
P_np_kaiBC,1.7323353
P_p0050_kaiBC,2.4537888
P_rel,1.6610382
P_relA,2.0483487
P_relA_E335Q,1.2630004
P_Light(umol_photons_m-2_s-1),7.3571095
P_sigF,1.8833457
P_rpoD2,0.9955672
P_rpoD6,0.9993541
P_rpoD5,1.7432197
P_pAM2991-xylEAB,1.669103
P_pAM2991-galP,3.2331443
P_pilB::Tn5,2.9288092
P_BG-11,1.2059307
P_CM,2.6600847
P_Biofilm,2.0740104
