7.230751116747230478e-01,1.479193021122620078e+00,-7.384080043769689627e-01,4.326431762667680148e-01,-4.134432006186379849e-01,-7.232363856700350091e-01,-1.209783412740879971e+00,3.064590017715099757e-01,-8.456623964303690011e-01,2.540766608109449876e-01,-7.258758580398479987e-01,-5.384550870040609727e-01,-6.474826147140939625e-01,9.135360680243540532e-01,5.682681355200369655e-01,5.395979550936560454e-01,4.265849407459960108e-01,1.247792599601970087e+00,-5.768195486279820150e-01,2.441169827784840096e-01,7.683578338528529450e-01,9.860825031224009773e-01,-2.414844644615850022e-01,-1.888051571829079955e-01,3.943688431647039971e-01,-3.341426947009060178e-01,1.121387837716919939e-01,-2.335699472634769902e-01,3.023542783362980213e-01,5.297807320469529735e-01,1.328990792650069919e-01,-7.126818933189299488e-01,-1.815739161258879963e-01,7.716426486517869998e-01,7.060937782512279881e-01,1.888421385551659892e-01,4.612388232087210049e-01,3.742342437465269733e-01,-4.145530749166830009e-02,-9.134016803462520484e-02,2.484358345857829997e-01,1.042491195805629989e+00,2.961082696715000018e-01,-4.434632454171170135e-01,8.386242816173620218e-01,2.159829224964300021e-01,2.980661083377900145e-01,9.432657308429870380e-01,8.094630399131580445e-01,7.667793237711020282e-01,5.082335068871950412e-01,-1.529977684024100004e-01,1.464823067112539956e+00,-1.665166444900469944e+00,8.744200760196310096e-01,-7.862086098937529632e-01,4.530866498243030227e-01,2.638561934745989879e-01,2.233017612926850026e-01,2.690302687846590213e-01,4.419971952914850122e-01,9.802603793537049970e-02,3.429484955665439982e-01,4.241689131827969805e-01,5.509212066535610353e-01,6.261175196703619994e-01,-1.420379100274919981e+00,4.258660452853170186e-01,1.370514321743389941e+00,1.395012790227299959e+00,1.380938872691320096e+00,1.202733404297690045e+00,-5.094007240463169911e-02,1.083912853177519953e+00,1.124886604997519912e+00,3.063978233860579770e-01,6.315653734182179457e-01,1.451727205966439893e-01,-2.952735922514629907e-01,-5.202723464166419953e-01,-2.042030165896299987e-01,-1.616244285638950007e-01,-3.363898499825230259e-01,-1.228285930006000060e+00,4.272322095742739911e-01,3.942650987497750004e-01,-1.935371848308209963e-01,-2.003114991287059943e-01,6.197054399981479778e-01,-3.324763976291569834e-01,7.571564958731730188e-01,-2.787316205973870004e-02,-1.517547290609100097e+00,-1.072061492042700070e+00,-1.286785560192210021e+00,-1.345394601577470040e+00,-1.257877615465130106e+00,-9.092301604207010390e-01,4.667185178879920127e-01,4.069281540249979900e-01,-3.868829531626010176e-01,-3.261164117199339962e-01,1.057665682509579957e-01,5.103178718544919557e-01,5.000000000000000000e+01,4.999999999999999445e-01,8.660254037844387076e-01
7.180791118901540537e-01,1.704892433036399924e+00,8.746412819719640019e-01,2.613978844381279920e+00,2.695928823087540005e-01,-7.355571613323700353e-01,-9.981097752577889892e-01,4.951292462644960035e-01,-8.633969500753400084e-01,-7.726782787873109903e-02,8.046300836920280419e-01,1.094046445343259899e+00,9.499945420167850152e-01,7.948672837380119649e-01,8.885273675883399447e-01,2.638722150853869852e+00,5.467525724597820380e-01,1.695872397687349986e+00,5.093299418438269610e-01,3.905012680282550219e-01,7.609052781349590067e-01,5.980983221097979641e-01,2.400278161668809862e-01,-1.858539952363899963e-03,5.006398714258080140e-01,3.416066603129430113e-01,1.139912856692830045e+00,-2.338229315216970028e-01,2.100683853335590101e-01,6.342622909211970139e-01,7.948961494235459724e-02,-7.974171154039809417e-02,7.031292943558870023e-02,4.059897502227429733e-01,3.727087654564649744e-01,3.028850560084779819e-01,7.755071176735609528e-01,5.030510805420550513e-01,-5.925402665825389992e-01,-3.990829040330269861e-01,-1.897829905836339870e-01,8.419112776727140091e-01,-1.451419475587389929e-01,-1.267178901660860058e-01,3.226431113331150180e-01,1.538156547344400049e-01,5.850435209874560449e-01,9.581507892875720245e-01,6.578224096368030516e-01,6.145016405103740365e-01,9.235799412362280525e-02,-5.904650147456900200e-01,1.817255209599510035e+00,-1.108313120368509930e+00,7.068208590248740153e-01,-2.707120052095969842e-01,1.217491670113639984e-01,1.154449146240330015e-02,1.578704798297750067e-01,-8.965252903510500734e-03,-1.208708012181800018e-01,1.469514913665229995e-02,6.429968953784690466e-01,4.413198878952550031e-01,7.601501377892549982e-01,6.282872836655769566e-01,-1.124846279782719893e+00,2.226302191061360070e-01,8.993129850022589800e-01,7.473833026182400419e-01,6.507574867224660276e-01,5.774105482882899709e-01,-4.673508828018420047e-01,4.907255646809319805e-01,5.413115205139640285e-01,1.532689087559770125e-01,3.628306008409269978e-01,6.933004817628609651e-01,-5.042989277622790256e-01,4.706649393154300198e-01,1.184017969865440029e-01,1.175436607055980048e-01,-3.506632733659050261e-01,-7.965680072178950022e-01,1.637365620517770015e-01,2.544977671048699874e-01,7.047185581636610241e-01,3.629590392977239954e-01,5.236315360842509481e-01,-9.697932431976330481e-01,5.614992202000179677e-01,2.463320279801269885e-01,-9.802581552127009878e-01,-1.277187034639740038e+00,-1.278740378961590096e+00,-1.517472484773580099e+00,-1.438474556145060035e+00,-4.439375350802829967e-01,3.463391578663739812e-01,1.033858643060340032e+00,1.474171700141980068e+00,1.853909957427920085e+00,2.815946624857970093e-01,7.309032605261579496e-01,5.000000000000000000e+01,8.660254037844385966e-01,5.000000000000001110e-01
6.178846583095619627e-01,2.477419194418830184e+00,3.759107776601669837e+00,2.793077996513119832e+00,1.583381078773939965e+00,-3.476071321065319908e-01,-9.859433118855579492e-01,8.156469048884289474e-01,-7.714087320782689883e-01,-1.372727729830330035e-01,2.530606262731120104e+00,2.513266372076380151e+00,1.614203480917030031e+00,7.438121996572250039e-01,8.337067555789320350e-01,4.046367088210190310e+00,4.583331157798249955e-01,2.978833409577939850e+00,3.360889540722749924e+00,-2.535456914718179841e-02,7.335823758084309976e-01,5.917272458390320233e-01,-3.888315503400949780e-01,4.847678295458700271e-03,3.911231482293859862e-01,7.875510531261620262e-02,2.536966504694590174e+00,-1.488515684434859876e-01,7.869024606805899436e-03,7.995509116243280090e-01,-2.985349701757750163e-01,1.333751335883160083e+00,1.967364055690890012e+00,1.244520575742219942e-01,8.163555650310079514e-02,7.218677520020450045e-01,1.031279409614950016e+00,4.173137230257120134e-01,-9.069465272175359916e-01,-4.241555567326639742e-01,-4.839111302568099848e-01,4.128197084283000140e-01,-5.157347185334619777e-01,7.434146248492509712e-02,1.741476064092500053e-01,-5.813186104231300444e-01,7.216743400619559656e-01,8.233769397180690230e-01,4.746181470664699864e-01,1.975941732484280122e-01,-1.058392704741440010e-01,-1.269107852165439976e+00,2.508936145790389816e+00,-1.097138804467560069e+00,5.717398425890249936e-01,-2.708764430228989828e-01,-2.090599318637559878e-01,-1.153276675680789953e-01,1.257779147833590072e-01,3.979488071455219989e-02,-2.946109577636980004e-01,-1.024856635242720054e-01,2.269437557194090016e-01,1.371979339021079936e-01,4.326810407601169861e-01,4.826752654617840199e-01,-1.558378181632299908e+00,-2.237151003104130009e-01,5.457772527206610214e-01,3.878783239319800180e-01,2.842791068409820099e-01,2.766246958527490141e-01,-4.152065519720499753e-01,-1.089308188455029996e-02,7.015448724221029497e-02,-1.516679392692600048e-01,1.466658622082180063e-01,3.244115448317910211e-01,-7.466346194789410529e-01,-1.188378325775729938e-01,-3.903361819641820163e-01,-3.198052990844629795e-01,7.777594934513179514e-02,-3.493633573364889888e-01,-2.217369957296509986e-01,1.124387085101959949e-01,3.877547549655109838e-01,8.351547199517279918e-02,3.041113262835539732e-01,-6.934052577343809975e-01,7.207809558114129933e-01,8.151350996044830488e-01,4.283826613890340251e-01,-1.345963337602410048e+00,-1.182366280600019914e+00,-1.145861229335719988e+00,-1.267390450771789911e+00,-2.878996063354219981e-01,1.239365609637610027e-01,2.398538588360120016e+00,3.702320415983050061e+00,3.691978873509929926e+00,3.669430749590449903e-01,4.132443084718400161e-01,5.000000000000000000e+01,1.000000000000000000e+00,6.123233995736766036e-17
2.052786305132119904e-01,2.318252214968179903e+00,4.331787420925760301e+00,2.076132048736630153e+00,3.801689955151819955e+00,-2.360180853096019993e-01,-5.029489658708600208e-01,1.446238333763590012e+00,-5.560618446520060321e-01,-6.426844477527669797e-02,3.138285591387360185e+00,3.018947269791050214e+00,1.593448713721580035e+00,6.076443920964139656e-01,7.804675856262770495e-01,3.801869276639739947e+00,4.477316985050819875e-01,4.739297513868660161e+00,5.578144617938050054e+00,6.104823213470100124e-02,3.935605500232929876e-01,5.800515248439539473e-01,-7.563331142985959543e-01,2.865668921872520022e-02,5.015794864924939533e-01,1.109079849920149990e-01,3.889763266049170110e+00,7.774127777627160008e-01,-1.043634641826210047e-01,4.527360695410190261e-01,-4.017180937236720095e-01,2.331549908092720003e+00,3.141235543749719916e+00,-1.353506746821820095e-01,-2.051705645909920050e-01,6.605577413470620218e-01,8.825229668400760286e-01,-2.330355359901269963e-01,-1.040408437624950055e+00,-3.903450967214630030e-01,-7.501500147704279753e-01,-1.907796471077239930e-01,-8.364957307119790242e-01,5.306693916799549715e-01,3.731819496257700319e-02,-1.076940214678999919e+00,6.529119532672510440e-01,3.370163626970250070e-01,1.239289494439689970e-01,2.357946325536370083e-02,-2.019847887010129961e-01,-1.548974584751469985e+00,2.742877997327850093e+00,-1.467852063071140023e+00,4.277408154692610154e-01,-2.240702284913969888e-01,-3.434079105894090045e-01,3.127979390674449911e-02,7.846489327212799458e-02,-6.524419443323850598e-02,-5.848055087693809773e-01,-4.525004657127170149e-01,-3.347783733073360080e-01,-2.506914391660020058e-01,1.066430409583870031e-01,1.718203760793030055e-01,-7.027840223047749912e-01,-4.839807076666979846e-01,2.946232171476619865e-01,-1.017666188046219972e-02,-2.901661914762850014e-02,2.112776263296900145e-02,-5.663482375251059908e-01,-7.324830287367449788e-01,-5.251354420936179546e-01,-4.212222142381539802e-01,3.484385130706350170e-02,4.382613550873919878e-02,-5.806302469342630168e-01,-2.087933235062570114e-01,-8.039219549268079579e-01,-5.065122554436060076e-01,-3.362248389006009669e-02,-6.842278077587210516e-01,-5.628465450396360481e-01,1.393392078290940084e-01,-3.498670789002140125e-01,-6.660186875658049566e-01,-9.056724083180579810e-02,-1.695634733410720019e+00,5.236884636814039817e-01,1.034827349056909984e+00,1.160685342567199907e+00,-1.725526357905120101e+00,-1.535491631141429947e+00,-1.284218529552179966e+00,-2.072459103477230169e+00,-1.044768399628740019e+00,1.244107036042250009e-01,3.221198096896650043e+00,4.821187282951039599e+00,5.017216863919699676e+00,4.242388946252200199e-01,3.051664190392600062e-01,5.000000000000000000e+01,8.660254037844388186e-01,-4.999999999999997780e-01
1.642018670928959978e-01,1.898159667904470105e+00,3.921944112730340049e+00,1.409176726432519899e+00,4.140812274700389928e+00,-3.220102350539190139e-01,-3.287320201747400139e-01,1.384916300647029974e+00,-4.883844633371789978e-01,-7.131806219112599675e-03,3.387159076687929815e+00,3.249949273617419809e+00,1.335353059913239937e+00,6.213635058558659718e-01,4.088444537122379874e-01,2.996958663696339897e+00,1.561834082142619928e-01,4.773365811568360151e+00,5.505920483015310118e+00,1.342643344457550014e-01,-2.836115094533879777e-01,9.156930217161709518e-01,-6.476503771502489792e-01,-3.822890426544189868e-02,4.939877862711030132e-01,-2.781886219711329766e-01,4.138246654152640147e+00,1.105764611018350108e+00,-2.437567037842090084e-02,2.024084840118000050e-01,-2.464283244049439991e-01,2.487479103958790017e+00,3.247299568590420016e+00,1.116238824267860030e-01,-1.124280301475080041e-02,3.125222121009559872e-01,6.035605691385189653e-01,3.882293132990449758e-02,-9.100565457313249951e-01,-4.333099783683729833e-01,-8.253042383166849794e-01,-5.142103435871699796e-02,-5.361291791419019459e-01,8.375815124068749506e-01,3.445590978657290249e-01,-8.384813766071189667e-01,5.004830776203259557e-01,2.349789915040370047e-01,2.650470599604830002e-01,-3.328536772541339922e-02,1.544998753327450070e-01,-1.309113478191290092e+00,2.609821420343700016e+00,-1.334888128800570062e+00,5.189678832840100009e-01,-4.075852926757069783e-01,7.214778211435950162e-02,-3.483998787512249812e-02,1.598299841000410115e-01,1.239692492927329942e-01,-3.319842456690850208e-01,-4.223330507427899838e-01,-2.302533670132130006e-01,-9.709832605949990370e-02,3.416825825421299957e-03,1.484703516756299968e-01,-8.811030198344379505e-01,-2.175481048614190116e-01,4.295849520481589967e-01,2.893078013550839933e-01,1.551988003258580051e-01,1.226832189192910011e-01,-4.945311954896979834e-01,-5.157402627492859715e-01,-3.194789810275480146e-01,-2.438648043135450139e-01,5.616856675056990100e-02,-2.621932374115339970e-01,-7.576412985179290516e-01,-5.026636413946009574e-01,-7.513381444299680467e-01,-4.870574107711089784e-01,6.649265942205649649e-02,-9.663194735205989927e-01,-4.141864604107610148e-01,2.695237755928590051e-01,-3.012304621742150079e-01,-7.905726674175509450e-01,9.403530819081690195e-02,-1.132114738708020069e-01,5.628460139576340060e-01,1.165384812187399977e+00,1.911777732215619974e+00,-1.278447109173890039e+00,-1.674736801515610107e+00,-9.632349663676490481e-01,-2.384679638103889943e+00,-1.086961789937779921e+00,2.121682090757580075e-01,2.971014230592849970e+00,4.960413550556100226e+00,4.996631371692689783e+00,3.603500114549400002e-01,2.919460586260499979e-01,5.000000000000000000e+01,7.071067811865475727e-01,-7.071067811865474617e-01
-4.733115301031200206e-02,1.812811090333160013e+00,3.626662411731850000e+00,1.324123224562850032e+00,4.105229281240180050e+00,-4.170454417570459982e-01,-5.657351064413019825e-01,1.439929979736360055e+00,-5.355486702201049942e-01,3.093130497776940269e-01,3.350531948699840168e+00,3.444860217435429917e+00,1.255992438714959913e+00,4.408254210751970104e-01,4.091585107800280174e-01,2.494366361111449937e+00,1.576234747610170128e-01,4.725989314108770323e+00,5.317314711183439790e+00,2.088684050460899999e-01,-2.773029843505310232e-01,9.403121103549699766e-01,-9.526805517500980258e-01,-8.792686535356220023e-02,5.205812737131549905e-01,1.902328183616570079e-01,4.104507155559759646e+00,1.240694250350840022e+00,1.414101247135229888e-01,-3.397824174599300279e-02,-3.182983850954059779e-01,2.374144487109190127e+00,3.350884914365960032e+00,6.739492210870530464e-02,-4.461010372303220173e-02,1.011980198191539948e-01,4.811959302034909958e-01,-1.065858230362519976e-01,-7.817105783050329881e-01,-2.750883607239850148e-01,-7.997595926145230072e-01,5.355423929792989951e-02,-4.681021468207849923e-01,9.273613607859180208e-01,3.544954225231670142e-01,-8.879074521671860287e-01,4.693164875049969931e-01,2.397798639780789887e-01,2.607806076886109992e-01,-1.874188142980179883e-01,1.685045171951549958e-01,-1.253460708441739957e+00,2.307987128535319954e+00,-1.250518950040889976e+00,5.163579658403639749e-01,-3.261182721239699878e-01,9.732718894224709483e-02,-5.615180890645159878e-02,5.732598379714019809e-02,5.337567407904159761e-02,-1.887196862479300075e-01,-1.960543988057630027e-01,-1.936829770354900060e-01,2.288961151665139943e-02,1.827583608487790001e-01,1.749431998998990101e-01,-1.031075307506490013e+00,2.958922631486459939e-02,4.278684760155900269e-01,2.976380295033609902e-01,2.335417700525919960e-01,1.867933101074399915e-01,-4.273945734354420156e-01,-4.408377794912919923e-01,-2.800554204698729732e-01,-1.790639553014529983e-01,2.146494673078830073e-01,-5.410446880090139660e-02,-6.992401089014329552e-01,-2.827421517322499800e-01,-5.588159294622410123e-01,-5.620557234570570243e-02,-2.437127073355170037e-01,-1.398817848407789999e+00,-3.144808748676770072e-01,8.634266305823399407e-03,-2.158217245039279961e-02,-9.489682271873509656e-01,4.431302065882479768e-01,-1.722654766055150111e+00,4.800943350217309891e-01,1.172953671035469991e+00,1.843035552436449898e+00,-1.610644000377559948e+00,-1.645363672176979986e+00,-1.227568672731599975e+00,-1.608460360340179918e+00,-8.877234982849749878e-01,-1.252863320384360081e-02,2.844379128003930113e+00,5.009063174661670281e+00,5.040949503845640223e+00,4.639554034205050081e-01,2.574264951182769767e-01,5.000000000000000000e+01,4.999999999999999445e-01,-8.660254037844387076e-01
1.874656709932409904e-01,1.675231286890749960e+00,3.215980376620430015e+00,1.253118926214179973e+00,3.943463267589169874e+00,-5.468964964703000309e-01,-7.827592836088259620e-01,1.170174232243190060e+00,-4.749584704170810023e-01,2.169667776695430039e-01,3.140380533667059826e+00,3.108339258454139831e+00,1.218716968150469926e+00,4.797926521375259767e-01,5.672402595655819946e-01,2.218553559836550004e+00,3.084491263462260102e-01,4.431493154268260071e+00,5.109412351641809735e+00,-2.864301077888160019e-01,-3.864622677105200022e-01,9.564340109131059808e-01,-2.602994873096329820e-01,-7.772907631128919692e-02,2.361084276564739959e-01,-2.325669673278999983e-01,3.827176338923690135e+00,1.161347773018069907e+00,1.918692945066010069e-01,9.684346653405150052e-02,-4.309827305999480024e-02,2.239246659613999935e+00,3.150100550523060150e+00,2.905877004995719992e-01,-4.584451600825569656e-02,1.771170690128119965e-02,3.456396746761929983e-01,4.971019357092999746e-02,-1.014510069810520054e+00,-4.824949781087449763e-01,-7.574432062453989589e-01,1.655646228887059923e-01,-3.109907285033770008e-01,5.418610754966789456e-01,3.913207953935329830e-01,-7.745028741970839681e-01,3.588961130473429795e-01,3.265743282567200034e-01,2.184582603378419918e-01,2.242906749178640025e-01,1.406526852328869870e-01,-1.047457631319339999e+00,2.172818855669000015e+00,-1.550406054017829938e+00,5.348440741045660252e-01,-3.735693822542049958e-01,9.676692497440110563e-02,2.031738032342890118e-02,1.272766425864340079e-01,1.689543949039520043e-01,-2.054061134969649982e-01,-6.754060665891540305e-01,5.005701466530500243e-02,2.128621008809190029e-01,1.663802545058239990e-01,6.797644455195699965e-03,-3.537201827804369869e-01,-2.491521092692049882e-02,3.330287376530590149e-01,2.906387405551720260e-01,3.325972865123529854e-01,2.160236683272039881e-01,-5.808647261656000316e-01,-8.944611919934609967e-02,-8.723075150925960197e-02,-1.025784242479360064e-01,4.148339270178880156e-02,-2.614288285237559850e-01,-7.827959616155929501e-01,-6.538299545289059933e-02,-4.978397035880490207e-01,-1.083346874068509963e-01,-4.832482906897009878e-01,-1.545899991131729934e+00,-3.719692986390200073e-01,3.032849888055039744e-01,-1.755447859104130037e-01,-1.164194457645379988e+00,4.065816449877600047e-01,-1.153359753436290047e+00,4.486725756135360177e-01,9.004651415038450457e-01,1.362983542692350003e+00,-1.322408732750850024e+00,-1.846422423330760010e+00,-1.184667643618309896e+00,-2.028585826164349903e+00,-9.576543450670530477e-01,1.522629821306739975e-02,2.504640241181669946e+00,4.813152314857240377e+00,4.702919675398470112e+00,7.622371668052589921e-01,4.701784981838679767e-01,5.000000000000000000e+01,1.224646799147353207e-16,-1.000000000000000000e+00
3.540416298167259890e-01,1.972472171636580063e-01,-7.777240956170590191e-01,-1.843141920297040048e+00,-1.052497184527930063e+00,-4.881360127693720186e-01,1.732441365353440066e+00,-9.352200391654580391e-01,-8.036620035267799667e-01,6.832666024931549620e-01,-6.250811474095819831e-01,-2.872871518487810083e-01,-7.767539491391000084e-01,7.622414605554940215e-01,-5.402469510917580209e-01,-1.560847232047559929e+00,-2.743668975835070190e-01,-9.169931207328879674e-01,-1.273979954146259974e+00,3.126611706763530174e-01,-1.346633067103379933e-01,4.821286252019350016e-01,-9.864444402705629944e-02,-6.021765964492290513e-01,3.519888039954899850e-01,7.827988509118910532e-01,-3.983676913985840229e-01,-4.642214972097680192e-01,5.391416804403970087e-01,1.739510229457290058e-01,-1.063290884415449972e-01,-1.127880468887620058e+00,-1.284043338042430094e+00,1.008402278846260103e+00,1.115582523042019991e+00,-7.585258442325599759e-01,-4.781467003709209962e-01,3.784161928499559790e-01,-3.621692676578500136e-01,-9.306982502000810120e-02,7.250205316619029450e-01,1.552813811612260064e+00,3.399754530185229995e-01,-2.366575497200960054e-01,1.242066240424380075e+00,6.113171344736659796e-01,5.871851517049609948e-01,8.547740627890060283e-01,1.050032613194650022e+00,5.985802639979099782e-01,4.907413016082889934e-01,8.005923605356439765e-01,-6.683818625961259752e-01,-1.948345758792410010e+00,8.092301015861389502e-01,-4.988965621593379751e-01,1.199353521038579951e+00,4.068358716596309765e-01,3.990338355189479991e-01,3.947551716869420191e-01,9.497898863144950132e-01,-1.707174903326449944e-01,4.103679800303929870e-01,5.003595407319240129e-01,6.715776042331450535e-01,7.611639508454159930e-01,-1.056635680189339954e+00,6.278958097727099785e-01,1.471431205351870108e+00,1.933989404128449996e+00,1.882197022725700108e+00,1.527944280251039899e+00,5.067600458625329818e-01,1.059202948438840108e+00,1.065190278566199966e+00,5.025506919527580330e-01,7.435654015581210086e-01,-3.952442327222029927e-01,-2.110654161745459945e+00,-1.638864272679499967e+00,-4.210912067343540177e-01,-4.513717124418309967e-01,-1.820238967014450038e-01,-1.977005228407860082e+00,1.238850641120740059e+00,2.633305038464450187e-01,-1.813794559335449863e-01,-6.842994082032269887e-01,1.632407097199159995e-01,-1.189663608442109943e+00,6.601415333167000021e-01,-3.325301409502730010e-01,-2.513596838040649928e+00,-5.387784942850559755e-01,-7.734614958895820180e-01,-8.638422657875479693e-01,-3.500078650618160259e-01,-9.314580535884100509e-01,5.059588367340429604e-01,-1.276360817719820018e+00,-1.079859386971729895e+00,-5.106224312267090282e-01,3.839494873146340193e-02,4.049591374821799872e-01,3.000000000000000000e+02,4.999999999999999445e-01,8.660254037844387076e-01
3.155678986140890152e-01,1.155026135758830064e+00,-1.076125655469720055e+00,4.074952418798599707e-02,-2.715190726337650129e-01,-7.898382016929610394e-01,8.926597305837340457e-01,-6.857380775791229732e-01,-5.727863890725829465e-01,3.354377975758069952e-01,3.348823213177680169e-01,3.826799116395699918e-01,3.263102429964889750e-01,9.227419326163619484e-01,-7.173858452495310289e-02,1.854484525209280088e-01,-5.351595940668479878e-02,7.629862026730900582e-02,-1.199214354332400090e+00,-2.396234988979709934e-01,6.736792407781699854e-01,6.081497900684019742e-01,-1.097023974918590050e-01,-6.246516175365840473e-01,4.406275696248950213e-01,2.019332218006610058e-01,2.159066589522710133e-01,-2.807772040380849821e-01,5.392740888337520522e-01,4.945548781687930107e-01,-1.943023007398959889e-01,-8.996296257964749854e-01,-1.018145930632980090e+00,5.097102250147550473e-01,8.145087565208519731e-01,-5.950123384165829643e-01,-1.312552534960229889e-01,5.427485588839530140e-01,-3.824329672911410127e-01,-2.491944288087719894e-01,1.430365727361530004e-01,1.355412282383620104e+00,5.777477794899379959e-02,-9.388716440210349845e-02,1.193083764050159923e+00,2.528438817816739959e-01,8.805923254149989887e-01,1.050196572607059897e+00,9.058565400666920286e-01,6.789097222679280064e-01,5.682175433083580529e-01,4.317159205483530049e-01,1.670823183950070068e-01,-1.513488162274490012e+00,6.563194872853099771e-01,-4.604881678966160075e-01,9.636099723371089887e-01,3.150030012466559781e-01,5.914629075862589680e-01,6.131995418563419564e-01,5.291506224389259661e-01,-9.703593856728200476e-03,4.107436096871199815e-01,4.082208543313959881e-01,6.909293512427799877e-01,5.358789192384619815e-01,-2.770501869834620101e-01,4.475993927399810057e-01,1.075164204166900062e+00,1.393188910849940010e+00,1.538393854488300017e+00,1.254811383130250091e+00,4.760327289996700226e-03,7.179495122419029540e-01,6.814293461590430478e-01,4.557047773524269818e-01,7.007388421075619878e-01,-1.230028175641050048e+00,-1.753901336706620073e+00,-5.539911338614329495e-01,-5.351515625592100367e-01,-1.064300792762089998e+00,-2.348911280564300041e-01,-1.781810879927810065e+00,9.268554996028040005e-01,4.849726818187289901e-01,-5.270793802435269626e-01,-3.403150254822719933e-01,6.115359013251000508e-01,-1.814699106055130073e+00,5.969541894100020007e-01,-8.411159454855239581e-02,-3.826316330601050031e-01,-1.008793584201409965e+00,-8.120010452244149635e-01,-1.182992855125849951e+00,-1.097981457583089959e+00,-1.029823232126900079e+00,3.672085357789379723e-01,-2.245480996838609966e-01,6.541100764646190502e-01,3.930313522028339723e-01,1.618971314775850129e-02,7.214469730675420189e-01,5.000000000000000000e+02,8.660254037844385966e-01,5.000000000000001110e-01
4.257553500372919797e-01,1.750973015406140032e+00,1.383019907086370015e+00,1.194914590873110027e+00,5.476852144686320534e-01,-7.159999621199170106e-01,1.022764693502069999e+00,-6.333398645308280228e-01,-1.155582771629330097e+00,1.279593717962330124e-01,2.430147815786420029e+00,2.630646504959579968e+00,1.910618962391430031e+00,9.772952647530810388e-01,-1.849693843719980024e-01,2.365797332523389862e+00,-3.468771553988839740e-01,5.614613820041040038e-01,-2.235345747205040035e-01,-7.134337251063679886e-02,3.770757962902259730e-01,5.907970464844890524e-01,8.972677641936339932e-02,-4.886105280409709928e-01,4.429233428551900276e-01,1.392314814572890025e-01,1.391946750488350038e+00,-1.313559313089489866e-01,5.955753918114210510e-01,9.304041857276400540e-01,-4.380516652892559870e-01,-1.314975675426949958e-02,1.467805026138560009e-01,6.366852276777690278e-01,5.905664209271900278e-01,-5.497428693866489580e-01,4.638226300610279879e-02,4.235690979528130007e-01,-8.579193610915889501e-01,-2.051026058990300105e-01,-2.124529535983840089e-01,1.450411756230820082e+00,-8.329672703770099607e-02,-1.414246755580990111e-01,1.169740260500810036e+00,2.757765353614359816e-01,9.659570705390579937e-01,9.838779020566790212e-01,7.475290917464559870e-01,8.236489797201580476e-01,4.777531771195909771e-01,3.703826241624180032e-02,6.298800829337209972e-01,-1.738422296929549971e+00,5.809638060623869560e-01,-2.360553795201809912e-01,8.237060030405799482e-01,4.651144715968220100e-01,6.015656128365429733e-01,4.976196677907839816e-01,3.953159672373859901e-01,1.377795325912549995e-01,6.283949503962750205e-01,9.860538963131579848e-01,7.421387182409829864e-01,8.185423337187199833e-01,-8.172890497743029448e-01,4.439232369874970274e-01,1.043491724238420071e+00,1.347048871556469907e+00,1.290539951128830021e+00,1.096904912204530014e+00,-3.198823360837420027e-01,8.132262278279099865e-01,7.218801953544330408e-01,3.798365351454989769e-01,6.012717564159160144e-01,-4.706894045869600141e-01,-1.161749922833489990e+00,-8.522515975962620116e-01,-6.643257067992249798e-01,-8.034096244430059819e-02,-6.509442066486930134e-01,-1.763300937048970063e+00,6.799317552826109612e-01,3.558990502971389747e-01,-1.853546690205019887e-01,-3.831322900967250034e-01,7.152835077864510005e-01,-1.373251346566779940e+00,7.847565754402240357e-01,4.168275793435050058e-01,-1.854229228832370013e-01,-8.204794168130540299e-01,-9.559344325765180006e-01,-1.174195093923180000e+00,-7.385860821826519818e-01,-3.955452699766219826e-01,5.835929025209759535e-01,6.512530265016029940e-01,2.422421948953930038e+00,2.278814651487190091e+00,3.355842353017929880e-01,7.484705089088049546e-01,6.000000000000000000e+02,1.000000000000000000e+00,6.123233995736766036e-17
5.249458125292150168e-01,1.925265613724020053e+00,3.496990474932350157e+00,1.932077047809680037e+00,2.321484107938399877e+00,-3.646859537749440050e-01,7.848640798937189800e-01,1.248051912601730040e-01,-7.129999976480480006e-01,3.930907350167549968e-02,3.647401926241439885e+00,3.916689089443070149e+00,2.290140137808140075e+00,7.033428773451629867e-01,6.662856443434220233e-02,3.689274238588330146e+00,2.838342395006249741e-01,2.473490717056110011e+00,2.845446121136120166e+00,-3.920338107033830011e-02,8.452385092087659757e-01,5.448666289745449642e-01,4.584133683204069665e-02,-1.091200566444529979e-01,9.825794090621059462e-01,2.950839453084340147e-01,2.746295043360380106e+00,2.364905733244530017e-01,2.283570586111119960e-01,8.204241811251949956e-01,-7.534134741770149857e-01,1.832006513383660051e+00,2.306889639073640197e+00,-2.145928546185620067e-02,1.463444925476740099e-01,2.143401292852049889e-01,5.658737354243980056e-01,2.583488854581130201e-01,-7.886826290720510002e-01,-1.091240379668060090e+00,-6.084874150918160307e-01,7.975960318176740227e-01,-1.255463135709529998e-01,-2.321424439397939965e-02,6.517441361048800230e-01,-2.157405123469079977e-01,7.464831729081590206e-01,1.039897706817310086e+00,5.667603058024369700e-01,7.648380257343630195e-02,3.026188151399000215e-01,-7.858516453242869737e-01,1.299720903406760053e+00,-1.097276626605500072e+00,4.493861976855820228e-01,1.271483819516650016e-01,2.381334114161199889e-01,3.395112785818220069e-01,4.599879924113329799e-01,4.919631922435950266e-01,-1.405786117184940065e-01,2.839450403765099787e-03,2.282670709535830067e-01,6.082091212490859933e-01,5.873098511986769577e-01,1.831713055514180011e-01,-7.552101840979980052e-01,1.014353524982809958e-02,6.540486678341169702e-01,7.651424129409980512e-01,9.067337200775219541e-01,5.683759351855419695e-01,-7.205819964116809695e-01,1.392612151703689904e-01,1.269383206542450127e-01,2.392446367467210011e-01,3.904617177833870079e-01,-2.780268433080190227e-01,-1.824285641601189889e+00,-1.495626211878299916e+00,-8.108596970479370336e-01,-6.909791578231100351e-01,-3.565109876898299723e-01,-9.250765006512330357e-01,9.624000596819369535e-02,4.537888122803739877e-01,-4.873824663117299893e-01,-3.019832400637800229e-01,4.927074721085289988e-01,-1.959639535889579953e+00,6.550027006805969609e-01,1.163209629895989972e+00,9.374071325092759865e-01,-1.309129924316180027e+00,-1.242123693647559923e+00,-1.059001697674740061e+00,-9.762294839595460072e-01,-8.092048154513999947e-01,7.776541466268359626e-01,2.644428075965859826e+00,4.457470561730840330e+00,4.140619546034620235e+00,6.084921792808569707e-01,6.291380202159320145e-01,5.000000000000000000e+02,8.660254037844388186e-01,-4.999999999999997780e-01
3.889934302429909896e-01,1.903273759016069988e+00,4.283670142502420397e+00,1.859926344805399978e+00,2.747081264572659887e+00,-3.106535981085969955e-01,-1.237374630122800023e-01,6.113264865949450400e-01,-8.443882820949289991e-01,-1.491108836623280046e-02,3.805232084523010094e+00,3.920743599907829946e+00,2.120097390871229948e+00,8.711039782920879659e-01,2.446900275041709871e-01,3.924503226374520093e+00,3.935796545404249835e-01,3.649369728802899893e+00,4.307195283384420037e+00,-5.467512702682889719e-02,7.756119342842060504e-01,7.405494338602209847e-01,-4.634240264511230167e-01,-1.543942772326500068e-01,2.655002504172649935e-01,-1.774063388152490039e-01,3.441035747315260185e+00,3.355014404061130162e-01,5.380204801568370249e-02,6.612541904075680543e-01,-6.468136103739859921e-01,2.362024715533570074e+00,3.171447306345729800e+00,1.962844541721449898e-01,1.755768954231229917e-01,2.264021086024440022e-01,5.634095781007539827e-01,2.608735483155569801e-01,-1.024364647541210038e+00,-4.423784351427019756e-01,-6.438675387387560178e-01,6.458540646159010024e-01,-4.680319888981330223e-01,3.348919137508790111e-01,4.751329579127949732e-01,-4.719605277152080225e-01,6.014743690627319950e-01,9.992110359913259909e-01,5.334469784849550367e-01,1.261653800195270125e-01,1.956253726360130119e-01,-9.306278472746080110e-01,1.711785009539440017e+00,-1.244192899396709961e+00,4.807962704292850220e-01,5.149022096944440297e-02,1.282066903566259908e-01,2.546463102137310197e-01,5.729884519295650458e-01,5.536981674411409760e-01,-8.145989282056920189e-02,-4.412578317343279766e-01,3.215667003537109880e-01,5.749980003238449600e-01,5.084339246735080087e-01,5.440273021316159863e-01,-1.466027040432960060e+00,9.374715538970300466e-02,6.660704290816189532e-01,7.374401035042370545e-01,6.131668320813480344e-01,3.620767071441789997e-01,-5.307150745116140378e-01,-5.654301799619489838e-02,7.294018927072759562e-02,4.878331394308169783e-02,3.707961265763469738e-01,-8.651083154231629935e-02,-1.396893465052440053e+00,-4.721889794096090220e-01,-1.034356210936759890e+00,-7.204139192721880081e-01,-3.010845664869590266e-01,-8.477701755251709770e-01,-1.285087201408469937e-01,2.949100479242249828e-01,-2.899255763741320213e-01,-4.668294968648850074e-01,4.060994572354240106e-01,-1.148151806164249944e+00,8.096239622061119912e-01,1.160840833543890005e+00,1.481676554867860096e+00,-9.331998207044119864e-01,-1.410218434250039898e+00,-1.552810633170859989e+00,-1.348811112890589969e+00,-9.121165015574169699e-01,3.889173888934199796e-01,3.087528322628939836e+00,4.832609071356950281e+00,4.728963894576500238e+00,8.541628776106939824e-01,5.445063490363100112e-01,4.000000000000000000e+02,7.071067811865475727e-01,-7.071067811865474617e-01
1.829744630414679996e-01,1.714233401735500095e+00,4.492374139204369676e+00,1.508358826859450108e+00,3.926431926503669789e+00,-4.092125439213519789e-01,-3.107806269517989772e-01,1.014719694302540054e+00,-4.901770226862420254e-01,1.364905641345129927e-01,3.823367282661009892e+00,3.692915054547039944e+00,2.028041726676709899e+00,7.462643550514269641e-01,5.628467128743630532e-01,3.557279863846809942e+00,4.530678719059850201e-01,4.678772969348799826e+00,5.421727301615139716e+00,-1.670128590040899919e-01,4.654434646015300214e-01,7.313908880346190466e-01,-9.403363924043740552e-01,-1.103602263540049977e-01,7.520138441907749938e-01,2.448730429578109893e-02,4.051658029615549772e+00,9.275917829833999484e-01,1.242279779310449944e-01,6.146130560776560392e-01,-5.239977697008709745e-01,2.914619753981479988e+00,3.665140274102880014e+00,1.016131739361370023e-01,7.330965273183299991e-02,3.813684027265660248e-01,5.454386489999260013e-01,-1.399454548965499978e-01,-1.312432973590109908e+00,-3.486731408897539852e-01,-5.916862307956920475e-01,2.778878319788120055e-01,-5.485042905804620172e-01,6.904073497009609595e-01,4.720729428461549748e-01,-7.488566548186089689e-01,5.625101279950059929e-01,7.427301648574600179e-01,4.430723791145109725e-01,1.600197917872230036e-02,1.670137009537560058e-01,-1.052970991876130080e+00,2.481959488658779911e+00,-1.300982257466950065e+00,4.850610686350320111e-01,-1.852613374333730023e-01,4.325845143356560341e-02,2.779859322510649933e-01,5.565105483558560051e-01,3.781460802411409916e-01,-3.717350741783029822e-01,-2.846769681875029878e-01,6.363860744893359844e-02,2.312933443170679948e-01,5.102130160985679508e-01,4.840014299465840164e-01,-1.063457187999500064e+00,-6.353955275983300122e-02,5.575751755319999781e-01,5.822563792482059464e-01,4.434755092181860148e-01,4.761799452420639733e-01,-5.157669319351270154e-01,-2.293336402215080116e-01,-8.516600034730829882e-02,-1.424976817446550054e-02,3.020434036304699976e-01,-1.135470173297279950e-01,-1.663881862453169935e+00,-1.406944501279800086e+00,-1.197840801254729914e+00,-6.280256770145370426e-01,-4.379901942733490094e-01,-9.871906667444430017e-01,-2.987656132366829920e-01,2.999159688254289802e-01,-2.417590371379000069e-01,-5.691109653754350406e-01,3.046693401441389892e-01,-2.407523884249249957e-01,6.291347747046329708e-01,1.309689168900040057e+00,1.646021651473750014e+00,-1.388733192224689938e+00,-1.547126713242999996e+00,-1.368278301195460012e+00,-1.138953122158840037e+00,-9.406663107805489643e-01,1.413679009437900091e-01,3.239888828136479937e+00,5.087354700432250354e+00,4.992752980617710001e+00,6.207224917463239899e-01,4.960335928981520204e-01,3.000000000000000000e+02,4.999999999999999445e-01,-8.660254037844387076e-01
3.848323979444219778e-01,7.785344589644539459e-01,3.093612040531140028e+00,1.082856178532539904e+00,5.858018706639810169e+00,-7.022426188087590448e-01,-2.001648986808420183e+00,3.722820759303020033e+00,2.181306062931180068e-01,1.266695598389210031e-01,2.083598386606209996e+00,2.322306641135159833e+00,6.372666462649499985e-01,-5.203526467661110377e-01,1.692067051060899940e+00,1.590198653341150070e+00,1.036236937754180021e+00,6.591243835138359763e+00,6.257177881199320169e+00,2.404264609534320085e-01,3.186097571379220006e-01,1.634693112670450033e+00,-1.470270630802640088e+00,2.791759590661530011e-01,1.140383728315490064e+00,-1.987121865591950087e-01,4.666627420758469924e+00,2.339831947481609831e+00,5.151761548112490097e-01,-4.872444348308199724e-01,-8.418255850013879604e-02,4.172936011490889996e+00,5.146979362727229557e+00,-8.684252117602260235e-01,-1.235705453785040042e+00,1.553583319170659949e-01,6.566789179673819810e-01,-4.888540931289310221e-01,-1.820674561407030101e+00,-4.332180068213409840e-01,-6.649804088415389725e-01,-1.236454563894920033e+00,-1.411760227755900043e+00,1.923786815637700043e+00,-4.277907270476040136e-01,-2.287946308827629949e+00,6.530955873053470029e-01,-2.784818569230830265e-01,-7.585202749558529467e-01,-4.942068463084430263e-01,3.403741769707280262e-01,-2.678934712963819909e+00,5.693683690696049737e+00,-1.106730355325890036e+00,-4.574790522304760243e-01,-6.953554621711850459e-01,-9.693229198598789509e-01,-5.418047649983169789e-01,-2.005989950003509992e-01,-3.046983445241019939e-01,-9.133351501300039921e-01,-6.011930050442769735e-01,-6.433197965132240181e-01,-5.530465639687730528e-01,-3.230954474341989902e-01,-6.047659321457330428e-01,-3.732603301708680155e-01,-6.636460231958220268e-02,-2.820322468265180071e-01,-1.036031037670039900e+00,-1.542845777589539891e+00,-9.526787246896849526e-01,-7.371170643601949735e-01,-8.868492930468400148e-01,-5.787648577790269755e-01,-1.532324110862519906e-01,-4.888507011193439777e-01,1.342061586414020069e-01,-1.418383517759909951e-01,1.249403613229919996e+00,-1.004650886102369967e+00,2.753334409720629983e-02,-5.193653964604959539e-01,-1.385550203022950067e+00,-2.562808950740799840e+00,8.993524115957450549e-02,-1.859367765710160103e-01,-1.611194296213420030e+00,2.232670911243390122e-01,-6.601665264343270501e-01,3.933497746944210338e-02,1.076699591181530025e+00,2.904374633390430116e+00,-1.473906988934430062e+00,-1.212014428155939960e+00,-1.405519891228830032e+00,-2.505764700437719927e+00,-1.557729006489600110e+00,-2.620376745737130197e-01,4.049031014805890116e+00,5.780639704874020346e+00,5.977040615521659994e+00,3.215650700307849941e-01,-6.802035543916090665e-02,5.000000000000000000e+01,1.224646799147353207e-16,-1.000000000000000000e+00
-1.451802090826070091e-01,2.397942934007649907e+00,4.123957087020680312e+00,2.082592182541040060e+00,3.545876246800649945e+00,-1.702561847099409997e-01,-5.850500107777849568e-01,1.304528641838970104e+00,-5.890687851542290021e-01,1.566643496371269983e-01,3.278754669600369986e+00,3.594809315407359929e+00,1.831572687598880034e+00,6.784527086181000310e-01,7.727738256402509887e-01,3.742167865498350121e+00,4.444394689545970167e-01,4.427785676808469795e+00,5.349485929748680313e+00,2.113458992327739983e-01,2.571455010464229751e-01,4.773131306908939830e-01,-8.839326203181070429e-01,-5.493552779901499789e-03,7.251990924092269752e-01,1.898144885209890054e-01,3.654411310007210201e+00,5.502104294740020052e-01,-8.385076938388570655e-02,3.624029791667189859e-01,-4.292167673115779847e-01,2.332046555310760105e+00,3.049839379032429854e+00,1.458734499003780105e-01,1.197904409128559972e-01,6.221724620291929631e-01,8.368644542242790196e-01,-1.101854040261169981e-01,-9.234904410548320230e-01,-6.747756144695660208e-01,-7.647893268692439461e-01,-5.679675060380479784e-02,-7.346310178842400118e-01,3.470530265092239830e-01,6.747138672315400321e-02,-9.922640036513149520e-01,6.784844734676109823e-01,3.113915792793650050e-01,2.267120727313129969e-01,-1.616017387361229907e-01,-1.047423560836329981e-01,-1.532979588190749975e+00,2.425934187169870082e+00,-1.096599304044999945e+00,4.353402183095809730e-01,-2.316177848537120110e-01,-2.205530637866869870e-01,-1.988331387181569987e-01,-5.460568508347599971e-03,-1.985309473050609827e-02,-4.239783834055639855e-01,-3.568225323542980054e-01,-2.436346954817749932e-01,1.276817568446949880e-01,2.394619758556869871e-01,1.004253324293299943e-01,-1.285947788259180102e+00,-3.223351129454369857e-01,3.998390621766820252e-01,2.119859377193439864e-01,9.582449984782770436e-02,-5.141002793545770139e-02,-5.272049953157850188e-01,-5.205456919861110032e-01,-2.824680241266370184e-01,-3.922307391128609932e-01,-8.361019680884139438e-02,-1.041060687688230013e-01,-3.967597916024580007e-01,-1.550996524703520008e+00,-7.495644435312139864e-01,-2.056335651353649874e-01,4.777918183827539744e-02,-5.048110121745319478e-01,-4.319026785061130247e-01,1.164055757334469948e-01,-1.420913894457190019e-01,-6.967618509711650532e-01,-6.313285158789700216e-03,-2.199345626661830089e+00,6.475097685354379573e-01,9.209944735519649539e-01,1.074242926199729942e+00,-1.387634582979659914e+00,-1.226535276459489898e+00,-1.290879708887350041e+00,-1.466070001680789936e+00,-1.155349626191209955e+00,-8.124453794864190670e-02,3.046971662811449821e+00,4.718431273736220177e+00,4.768968203061369593e+00,6.919641531138900348e-01,1.499673599740179997e-01,5.000000000000000000e+02,8.660254037844388186e-01,-4.999999999999997780e-01
-6.039077525763340143e-02,2.466326580950910063e+00,3.246461474460550001e+00,-5.215243022884270135e-02,1.902900714872590049e+00,-1.426044332845710083e-01,3.342396066382959940e+00,-1.012465318208760068e-01,-2.987707042962770010e-01,1.299282432206090021e-01,3.710291468864459929e+00,3.576270875538039906e+00,2.301475099818179881e+00,-6.870444650504640149e-01,-3.535086789750270242e-01,2.500574276415929997e+00,1.104464502878240023e-01,-5.775798569678439742e-01,1.612227606382770073e+00,5.045399864736770101e-02,-3.883835359330050085e-01,6.565340650684530210e-01,-5.765443950998619949e-01,-1.603192418521360019e-01,4.413468480284170048e-01,3.434028957435599771e-01,2.519615331632440114e+00,1.686937892065930034e-01,-3.005088237637740245e-01,1.289533762488750124e-01,-3.430087647620709834e-01,2.370847047095910043e-01,8.552154413547200518e-01,3.438261737683179775e-01,3.932615677145199773e-01,-4.916819916204510088e-01,-1.890095331252890087e-01,-1.917265168385640095e-01,-4.126765584045710145e-01,-4.048512781988670151e-01,-7.305378577803319784e-01,3.557676673743839779e-01,-9.706638438979429961e-02,3.076035495244819895e-01,6.407625193294860244e-01,-3.406822885923510014e-01,1.032630652256580017e+00,1.167794449793159994e-01,3.271957221233010027e-01,2.586280177890100118e-01,-7.011147345279740428e-02,-5.605012352728500069e-01,-2.985576472921669944e-01,-1.338473200694130005e+00,4.619341697367819743e-01,-1.115834388300210034e-01,2.261233765288719888e-01,5.020596144696709562e-01,4.374762382910249991e-01,3.444341033012989772e-01,2.959022447524520261e-01,-2.123879500377550134e-01,-3.474260342673549801e-02,1.107836212979179946e-01,4.144193776127830242e-01,4.899915922079440267e-01,4.561190306443709819e-01,-1.804730827232020052e-01,1.061582469486600067e+00,1.412958044567250049e+00,1.434919878171440066e+00,1.163015003311590023e+00,4.224173756952679937e-01,-5.018260525060139893e-02,1.898417387472320084e-01,-2.413785895163399892e-03,1.212909212833769984e-01,8.055934606922510177e-01,-1.252402502971529996e+00,-4.881306119944109900e-01,-6.875137355074300016e-01,-2.586580811756590270e-01,7.270564195889020476e-02,-1.124543982919379959e+00,5.126811310340479988e-01,1.500829420183329987e-01,-8.127864087004289806e-02,-9.472530207493520260e-01,-2.090109520861849896e-02,-6.814070935828490105e-01,2.598459862596960157e-01,3.100713653727260044e-01,5.130900692413149500e-01,-7.920341503068769606e-01,-8.332766704095160293e-01,-4.680434992968259822e-01,-6.415747018788640066e-01,-8.917679349154370438e-01,2.000547044942380115e-01,1.778425033208659967e+00,4.095986455379470037e+00,3.852881805232979850e+00,1.195231153821079972e-01,-4.394912614738279849e-02,5.000000000000000000e+02,8.314696123025451246e-01,-5.555702330196022887e-01
-6.805987566291160640e-02,2.423486021633860066e+00,2.730385392122550048e+00,-2.792619556104999901e-01,1.737134547337809920e+00,-5.333619256689979826e-01,2.502831870669650183e+00,-5.551040968862169800e-01,-9.759734618800339767e-01,3.367564442359969878e-01,3.735638550263720159e+00,3.628467854274759929e+00,2.274047095144120068e+00,1.416512445330770087e-01,-6.250652299559740221e-01,2.471789630859480003e+00,-4.361122620934669847e-01,5.778459573017179912e-02,1.451279076604129914e+00,-1.289293644781880077e-01,-9.826798285287050017e-02,4.385090540092220213e-01,-4.231867243551389879e-01,-2.340108102335090035e-01,-8.547394758627230305e-02,5.904806877376049812e-01,2.243059900924770034e+00,-1.362713071918839891e-01,1.655779858706839941e-02,1.935884500543950115e-01,-1.832678671116780011e-01,1.709323815696849880e-01,9.852814015922110036e-01,4.121003912304900263e-01,5.984694348782929607e-01,-6.686604819795659571e-01,-1.292501773877030025e-01,1.537555616348519893e-01,-1.573738690955950037e-01,-1.814380166562679919e-01,-4.987334591628669878e-01,1.061913361346330076e+00,3.081419499436710008e-01,-1.440824373243970030e-02,1.137155362341250031e+00,3.172353940185970167e-01,5.974520534561119645e-01,2.399742977905300056e-01,5.687256165343820280e-01,4.655424845083609986e-01,1.259390574922210071e-01,-9.364626072039899246e-03,-3.141584881726630085e-01,-2.224655679695239918e+00,6.557528732047089859e-01,-1.662163467127560079e-01,7.185574660055420448e-01,6.601609282835559922e-01,6.546279244065870140e-01,5.577313450361439662e-01,6.477679853854749759e-01,-7.108744094882210596e-02,4.135910120956869940e-01,4.120406124110509993e-01,4.916130900347959742e-01,5.076560043498330455e-01,1.051220983980390017e-01,2.284598899454219900e-01,7.132098146242310532e-01,1.042264284637330007e+00,1.105665041904200008e+00,9.383734486747540293e-01,-8.712117978468640611e-02,3.492444081325760119e-01,3.444272043564889918e-01,5.299377206519659822e-01,2.411432853226299911e-01,-1.597978965620419911e-01,-1.163017658246549901e+00,-3.159598407511409746e-01,-3.933935936200150252e-01,-8.271175064797009480e-01,1.463682416774730044e-01,-1.552145146671910059e+00,7.403080993320330094e-01,4.224735444561990017e-01,9.781850577551430559e-02,-4.719239991213139973e-01,1.167317967365600062e-01,-2.581855762116789799e-01,4.520759128762790180e-01,5.486237762224139836e-01,4.216940720323110181e-01,-7.114455928316260058e-01,-4.831535593717379840e-01,-4.755671285788520275e-01,-7.371173023034409688e-01,-1.259040582642600103e+00,3.892777703994350080e-01,1.351439428891670014e+00,3.639446127495100214e+00,3.652396905717150144e+00,3.044091640395429899e-01,1.382364948813230021e-01,5.000000000000000000e+02,7.933533402912351651e-01,-6.087614290087206559e-01
3.437329405084689760e-01,2.281031358350880112e+00,3.062817406785160124e+00,1.283217496796069945e-01,1.507013543028900004e+00,-5.373004735629229867e-01,1.567347108712060066e+00,-4.799609902319529886e-01,-8.326353288656549445e-01,3.451624829844289755e-01,4.040376771921390109e+00,4.036389352353530136e+00,2.485803794351160168e+00,7.345124746536400018e-01,-1.109083961445779948e-01,2.985736542945769845e+00,-6.697286667586620501e-01,5.511644209867420097e-01,1.904592194604509903e+00,-7.276497349264100106e-03,-2.582697148068149873e-01,4.694235012264780238e-01,-2.265549989998019986e-01,-2.019791109088409919e-01,8.296671771677570362e-02,5.512628827275629639e-01,2.050770154901000009e+00,-1.827547719615379984e-01,1.611928492439149985e-01,4.071374189791630016e-01,-1.672871892868819932e-01,5.997997836396260496e-01,1.462000174822809972e+00,6.522739280054119515e-01,6.233320055210339605e-01,-4.413992023678379728e-01,-6.911977938455239612e-02,2.937877409213029978e-01,-3.473297452650930262e-01,-3.065404530039190223e-01,-5.453255573679129942e-01,1.301790147436090006e+00,3.623546498221250078e-01,-2.806353157333399927e-03,1.103633540222560105e+00,1.898529492521580098e-01,5.418633364857290413e-01,4.271865733808090093e-01,6.616925856654329863e-01,6.232044943133370207e-01,2.268520962766250038e-01,-1.654219324835769916e-02,-6.616543099802800476e-02,-2.407211310643550206e+00,6.309741620173490162e-01,-1.152276589025350018e-01,8.932395834812559832e-01,4.141343092704869999e-01,4.509322784177939858e-01,3.165277482254419961e-01,7.360388950961590515e-01,-1.345686619721259969e-01,2.984153819202969848e-01,4.631727829874630054e-01,5.300766096185359766e-01,4.126320190676560085e-01,-3.047152492156909864e-01,3.454714030284329884e-01,7.461033287643550338e-01,1.025394122502339966e+00,1.007379463287040089e+00,8.365022689536999456e-01,-2.862926097840740036e-01,1.485028749392519887e-01,1.551976549392929949e-01,4.052721054539979995e-01,4.402534272979269914e-01,-3.953649499445029969e-01,-1.392139667801800096e+00,-6.618300146455580180e-01,-7.339834954691829561e-01,-5.430592290878060169e-01,-2.781628627154879990e-02,-2.153661983831309801e+00,5.417827673115409581e-01,1.970078490247050007e-01,2.060552557095199910e-01,-5.084982868899470265e-01,1.680583808290669889e-01,-8.061302587890080140e-01,5.390786271619070202e-01,7.017400655367119766e-01,2.590360557869519909e-01,-6.171253983302980028e-01,-8.996895037107549564e-01,-5.970753487258250169e-01,-5.063501855594629841e-01,-1.129988307440880080e+00,3.102018728503109779e-01,1.385922861686849972e+00,3.659716690938170203e+00,3.833719071876190210e+00,5.287545792490390140e-01,2.102828834341380071e-01,5.000000000000000000e+02,7.071067811865475727e-01,-7.071067811865474617e-01
3.960405145241259750e-01,2.150988755178790068e+00,4.243576236959239800e+00,1.944639390798100109e+00,3.346293147455690065e+00,-5.123101418344190305e-01,-2.696603573462700076e+00,5.333566829462810244e-01,-1.276016471432960042e+00,1.246457866704289985e-01,3.552758858544540210e+00,3.805738408008509932e+00,2.169033775127700014e+00,-3.855093358465440101e-01,1.782886876400799903e+00,4.318791781312100397e+00,-6.191174881046680040e-02,5.003122714786219838e+00,6.040373526568060036e+00,-2.649007670126190053e-02,6.300437148475009908e-01,6.580126389173649448e-01,-9.001472199967810450e-01,-2.775282714144239882e-01,2.828427126035160111e-02,3.164865137154290187e-01,4.223992426267240141e+00,5.509305661803409748e-01,1.401548086406889937e-01,6.492412779854209726e-01,-4.674429259338029885e-01,3.267534897248470127e+00,4.168003147190979973e+00,1.081705025222930022e-01,1.026350023919619936e-01,1.346582565598190007e+00,1.978686580236709958e+00,1.182539284675910018e-01,-9.960899471528630311e-01,-8.955822023883359684e-01,-1.185893940596429941e+00,4.315559861279990028e-01,-5.564135205647050553e-01,3.916468104273240214e-01,5.211686772443250293e-01,-9.083725154917620115e-01,9.135443640092689721e-01,5.207702514616110445e-01,2.481942342020929948e-01,2.997391287495569934e-01,3.093403203780650257e-01,-1.198308519589150078e+00,4.663171125746240264e+00,-2.419382513914679844e+00,2.844886385183479915e-01,-2.123310681043679912e-02,2.878249095278809788e-01,-1.634327096268060053e-01,1.305281040514399971e-02,-7.501106832215739817e-02,-2.685332475598710134e-01,-6.404506523175239330e-02,-1.581454190795349990e-01,3.397689394754419695e-02,9.544413074547590525e-02,-1.086458505470670050e-01,-9.458915082896800497e-01,-9.656721761702789786e-02,6.961456501362600635e-02,-2.310142175860019909e-01,-5.377418498623459664e-01,-4.337095417859699875e-01,-1.096000822941419983e+00,-2.665145786333690259e-01,-1.009465397494789946e-01,6.428326755123009439e-02,1.890458291090700016e-01,-4.132971300665450043e-02,-1.074862843631990028e+00,-1.218562951853819909e+00,-1.354224681113739948e+00,-1.206313208938589954e+00,-4.401076709703269918e-01,-1.079084206290549908e+00,-1.131542522988479904e+00,9.953298253963789588e-02,-4.574960524531990202e-01,-1.040313499357170102e+00,4.146115635247579756e-01,-1.522556461881839907e+00,8.030392540897239861e-01,1.402754023836249919e+00,1.389892726370800080e+00,-1.345816467203760025e+00,-1.896274340215930110e+00,-1.457102100054739946e+00,-1.187576154367230075e+00,-9.340012974173500515e-01,2.027302560678090060e-01,3.551778693114350016e+00,4.911523367345539626e+00,5.085759956756840339e+00,8.620467791714400141e-01,4.393227476215469940e-01,5.000000000000000000e+01,6.593458151000689549e-01,-7.518398074789772734e-01
2.784915640334300058e-01,1.889191356272089894e+00,4.346632505375180422e+00,2.167614839707099783e+00,3.857551556249319891e+00,-3.406545104212739816e-01,-1.959229199033289959e+00,1.241944493543780004e+00,-9.880863596028860441e-01,1.478405970504549916e-01,3.518433215708729911e+00,3.463997855541570026e+00,2.169268723847689984e+00,7.554620556746100349e-03,1.577881418300769889e+00,3.533554079943889814e+00,-1.648843983447730033e-01,5.346665448676749754e+00,6.311569608650139607e+00,1.563242427129430123e-01,-5.120660640273509701e-02,6.333872044609419882e-01,-5.639855520128399524e-01,-2.263866733568659917e-01,6.781371628534650364e-01,-3.901122309471469762e-01,4.694502586053250326e+00,1.189948457344210064e+00,1.457031245497739935e-01,5.357853939886589867e-01,-4.004061506732929931e-01,3.557485698525559847e+00,4.326787521576119566e+00,1.655657783959309931e-02,-6.856229043482049701e-02,1.024783089802359992e+00,1.440914647169039942e+00,3.298213681604679759e-01,-9.002049488519719977e-01,-5.968830311713210213e-01,-1.033245076907399973e+00,4.871979843620599833e-03,-5.784127858698140390e-01,5.481569259391909643e-01,1.488457554081820122e-01,-1.107162076239839976e+00,3.637422301422940096e-01,6.081254984227829619e-01,2.191817643001620075e-02,1.297904433394730106e-01,1.196226249020709981e-01,-1.456986546992999898e+00,4.298187966411400218e+00,-1.558156864829300048e+00,3.511333195089400006e-01,-1.259399549542609964e-01,-1.311462337651110033e-01,2.152539765041789899e-01,2.398241669680160060e-01,1.557954646753529904e-01,-6.586424891439000007e-01,-2.969250009717879779e-01,-2.410765535082929831e-02,1.441585894548670088e-01,1.799378421717159893e-02,-1.501176609013929984e-02,-1.072621543013559942e+00,-2.223235015336230136e-01,9.716556526048640563e-02,-8.109627678258089778e-02,-4.495905607594110065e-01,-3.922354653872179853e-01,-8.849476145225709800e-01,-3.747244912379569803e-01,-2.872640738244309766e-01,-2.847844264600640218e-01,-1.592352676874830009e-01,-1.500417986892680078e-01,-2.380363948717469924e+00,-6.552405095923390377e-01,-1.021324157891899898e+00,-3.688743675053119953e-01,-3.951682691969889971e-01,-5.142269165902739747e-01,-1.122613645204600052e+00,4.044235240371239770e-02,-1.033850530759730102e+00,-1.322012714358780094e+00,3.035069225677620164e-01,-3.212526415809420222e+00,4.981147494270710130e-01,1.364090283557900074e+00,1.534083258506790060e+00,-1.400587898716509905e+00,-1.462037466479169989e+00,-1.639350125388320034e+00,-9.925674419780819990e-01,-1.341614439010099913e+00,-2.221692363864760100e-01,3.705227081236520004e+00,5.343836480422200275e+00,5.247186894892379883e+00,8.703348014966919566e-01,4.773341188114539890e-01,5.000000000000000000e+01,6.087614290087208779e-01,-7.933533402912349430e-01
3.448506060594899725e-01,1.399163602500929970e+00,3.788730777793530180e+00,1.918838465010600070e+00,4.152596372371649913e+00,-4.620543975396870229e-01,-9.543416380291369627e-01,1.337584416614199911e+00,-8.641635255775089730e-01,9.196778524541519839e-02,3.309691496372240138e+00,3.478540949147930217e+00,1.573188591589889995e+00,4.931985158029180139e-01,4.532747107169289857e-01,2.561984275507589892e+00,1.917316366819910023e-01,4.921586334255180439e+00,5.697404819259939579e+00,-6.282590738457500233e-03,3.974761331202170123e-01,8.300915869565259619e-01,-6.486661691723519807e-01,-2.357719308393239899e-01,3.468579578633250171e-01,2.526239435138619843e-02,4.602694838429780333e+00,1.460778572839199985e+00,1.563619070302529890e-01,2.183656757053640055e-02,-2.791170144617379778e-01,3.137644791732229876e+00,4.008115426322410357e+00,5.200953458929630235e-02,-8.850894818751209314e-02,2.214984864798719977e-01,6.906127004034989803e-01,1.337142814452400019e-01,-8.440046634031309614e-01,-5.369539299466939974e-01,-9.009143549822979935e-01,-1.355490520045070091e-01,-5.421221594603929939e-01,7.427214631667480305e-01,7.570310051109180316e-02,-6.977646387616219803e-01,6.339753978813239543e-01,1.504211230556810053e-01,-1.963758913987179860e-02,7.910544927219520517e-02,-1.082105303040769954e-02,-1.214158907136480003e+00,3.179141235666259835e+00,-1.284510678783689963e+00,2.295449869345030092e-01,-1.594420148115230085e-01,-6.246323872776970293e-02,7.841101573032699390e-02,1.071670584125290066e-01,5.228217620365770146e-02,-5.561064369235210192e-01,-2.870633610754200205e-01,-1.491727066011840075e-01,9.454683199396470006e-02,8.598595730273690674e-02,-3.334531905217440195e-02,-9.490597617955010001e-01,-2.497278287164839961e-01,3.593642760698070177e-02,-1.380728753606189907e-01,-1.949048671911300101e-01,-3.727802803475580018e-01,-9.307637807419719689e-01,-6.094790597076999994e-01,-5.297475045899490143e-01,-5.232259297485010174e-01,-1.879200970519039893e-01,-5.171889921847500071e-01,-6.673524374498700507e-01,-5.486169405033539670e-01,-1.093012018600340030e+00,-5.131278603586320042e-01,-3.474723754846910095e-01,-1.172899340865140028e+00,-8.835721129143270236e-01,1.791211114106320001e-01,-7.357310996552350602e-02,-8.391980557042010291e-01,1.589468648850130006e-01,-7.264272240704969796e-01,4.971492848095530048e-01,1.144880758317619929e+00,1.895257000775260048e+00,-1.501535746614230060e+00,-1.629176768845320034e+00,-1.274097717734729907e+00,-1.997527969406259984e+00,-7.996283912885510103e-01,-2.105321377612629982e-02,3.238240837860749899e+00,5.138664341052399998e+00,5.113785730204170044e+00,7.174945364444149654e-01,6.625817463208250047e-01,5.000000000000000000e+01,4.999999999999999445e-01,-8.660254037844387076e-01
6.902706574792489835e-01,1.869918546412689953e+00,3.295979417245039844e+00,2.085377856185879786e+00,1.931792879401919905e+00,-4.497688888248320138e-01,7.193384198089429471e-02,-1.557844634482919988e-01,-1.694416395712849965e+00,-1.578680347576499887e-01,3.418300669254589863e+00,3.496651243370540119e+00,2.308849631855780071e+00,1.011703750698319970e+00,-6.190571386819090222e-02,3.795828926149440008e+00,4.211441765229190226e-01,2.214284434255989975e+00,2.425567521622970180e+00,-1.747618378551709928e-01,6.381623125800770513e-01,4.520436923153119957e-01,-8.822536038519210311e-02,-3.819032251027780211e-01,1.771542066064580034e-01,-4.541479087873799836e-01,2.770411924474999843e+00,-7.851105764366959894e-02,1.388474536763660006e-01,7.825005396556929949e-01,-2.597016475910919886e-01,1.898229546023179948e+00,2.492151280425450199e+00,3.338341464028740102e-01,2.369537577178139898e-01,-5.145696716233649770e-02,4.886904071263489802e-01,5.557606068605139837e-01,-9.860785579439580451e-01,-4.547437551023320035e-01,-4.384895265476099757e-01,1.068020458388230010e+00,-4.223017948900160135e-01,1.050983379059910044e-01,8.411231061769359751e-01,1.004408362709099944e-01,8.913773929459190004e-01,1.066759234862320049e+00,6.142062886267239952e-01,5.856565982823469518e-01,4.920744277075739803e-01,-6.473357422026160268e-01,1.322265089516569958e+00,-1.141231380673829898e+00,5.440994639925369469e-01,2.175720195837130000e-01,4.527415333214430126e-01,4.560020382374659897e-01,8.022771492357579914e-01,7.731826108678689913e-01,-5.162665697710200341e-02,2.961336279149849940e-02,6.717330658038710434e-01,9.966207281239759519e-01,9.302222687194150463e-01,9.881134469144130517e-01,-8.309961848562850140e-01,3.239450311554630257e-01,9.374183100153550274e-01,1.025712771398090029e+00,9.525932340045619728e-01,8.962573438064499465e-01,-4.207714281789630140e-01,6.879061323426409746e-01,6.943400354108769656e-01,3.527643569492929787e-01,4.022790585024290100e-01,1.375252110765970093e+00,-2.489204982720569781e+00,-1.156271305034799912e+00,-6.554573956307949700e-01,-3.031418182608099920e-01,-5.307247546262700011e-01,-6.453928945107200166e-01,2.099163322557349998e-01,6.622136370861879673e-01,-2.670990294879210247e-01,-1.762657258916119907e-02,6.799635011494660208e-01,-3.526748844552249906e-01,7.266453430599829622e-01,9.564941175698069564e-01,-1.462346883682560071e-02,-7.260975254961750114e-01,-5.942100299855179735e-01,-7.669168722959750495e-01,-5.545005925990680318e-01,-1.106087596687810093e+00,6.271697001458249598e-01,2.400430284353929800e+00,4.206495639044329771e+00,3.947790698091810047e+00,7.512498630639410369e-01,9.323702307084370533e-01,5.000000000000000000e+01,8.660254037844388186e-01,-4.999999999999997780e-01
3.326373288047420052e-01,2.114413573111260103e+00,4.661557405314970204e+00,2.932618008328390147e+00,3.405571588215159817e+00,-1.230538551005109893e+00,-1.085473478568109940e+00,1.406903793443049944e+00,-1.229579064828629997e+00,-5.585776482275359722e-01,2.833571397537249847e+00,3.177067382533929951e+00,2.200210625746290116e+00,-2.377797981710489950e-01,2.108412977674769984e+00,5.124159489174160420e+00,1.074323299923900077e+00,5.388172849436710266e+00,5.377542660254049700e+00,-3.251802665911519841e-02,1.148044814330090091e+00,6.733482708870559552e-01,-8.857905489470350169e-01,1.362093953954189862e-01,5.199685738458139639e-01,-4.697496789373880044e-01,3.567714301717760161e+00,5.036573198526149708e-01,-3.564670036629739858e-02,9.030697905983110507e-01,-5.060390036954529602e-01,3.104939386755280140e+00,4.047720798108089824e+00,2.341604017269549934e-02,-9.608496664349590322e-02,1.484297384865280067e+00,1.822245021436869949e+00,2.120213201266039904e-01,-1.090375463295909952e+00,-5.324765493020889862e-01,-5.123410380684410015e-01,3.706862190780779720e-02,-8.344607257056959604e-01,5.331437045863289814e-01,2.203886332444849883e-01,-1.366389272742390082e+00,9.615698949596319656e-01,1.182960524536309954e+00,4.174152149178679827e-01,2.012316565792409973e-01,3.936491969627710086e-01,-1.887401534571850004e+00,5.574263612698169723e+00,-1.375778188909660082e+00,3.879265400072839931e-01,-3.536565123787929754e-01,-9.983736215702420091e-01,1.042524546323490009e-01,3.411177307954830207e-01,3.497618225173749762e-01,-1.012974092437119999e+00,-1.490490722856319949e-01,1.540688825696049924e-01,3.069522770948699963e-01,6.889193235137359705e-01,7.223582020733090303e-01,-1.619538965694850008e+00,-1.266400415957429915e-01,2.392105624479800019e-01,-2.679620900162930086e-01,-5.727398280979110190e-01,-4.289380941704329930e-01,-1.088516546333510027e+00,-7.116659780804100201e-03,9.530869481174099322e-02,3.315377408784270230e-01,-3.849958780009409692e-02,1.222157369015739903e+00,-7.642025638529189591e-01,-1.929466535060690019e-02,-9.817758517729560097e-01,-3.189054614059370074e-01,-5.512627387084549913e-01,-3.498682747975019880e-01,-1.583429610232290008e+00,1.827422946897029887e-01,1.705561172500769940e-01,-3.473048382374719911e-01,3.765242041136089846e-01,-1.244288524866010048e+00,7.708004568706210424e-01,1.225719803927810103e+00,1.502452117885429983e+00,-1.492597927595860074e+00,-1.476520986127749957e+00,-1.375731454933950104e+00,-1.304150931080380049e+00,-1.655287141407880025e+00,4.055677248494690135e-01,4.095204795875700299e+00,4.861079987291920368e+00,5.085194137130190306e+00,1.182756895549359921e+00,1.165573059713820026e-01,5.000000000000000000e+01,8.314696123025451246e-01,-5.555702330196022887e-01
2.376724806530980116e-01,2.035310239676809907e+00,4.948647185528890269e+00,2.823100202907519840e+00,4.000000281515919909e+00,-8.330318263888729646e-01,-1.586684703127019924e+00,1.984932500685179901e+00,-1.501202013150249925e+00,-8.567886683935720116e-02,2.730120492045560177e+00,2.610920975739710048e+00,1.991692644498370024e+00,-6.305998671092030161e-01,1.970483517532700013e+00,4.588626659539640329e+00,1.166919633242540000e+00,5.750148547844680103e+00,6.262768683089960042e+00,-2.244542712973880139e-01,7.063371883754699931e-01,8.533995406106039683e-01,-6.542153345675569831e-01,-1.407573158009099989e-01,5.465147840118760314e-01,-2.169984775245069886e-01,4.027894351217589985e+00,1.239856546566570072e+00,-1.182361609128950025e-01,6.694810748817460189e-01,-4.808910557053550083e-01,3.903338980170940165e+00,4.784836897466860250e+00,-5.068328039477999480e-01,-8.877123467793880396e-01,1.626218159588530110e+00,2.008319564016650016e+00,1.726467115048269940e-01,-1.673166235260659995e+00,-1.248403649922110059e+00,-7.795875486579280089e-01,-7.161076661523180231e-01,-1.366992537803120022e+00,3.732714693545159945e-01,-3.544917917837400179e-01,-1.504592590844670008e+00,1.016385598122429901e+00,8.750750966770960426e-01,-7.723125906073780023e-02,-3.881346638673969784e-01,-3.609495920110020184e-02,-2.301284297755029851e+00,5.653189356881659577e+00,-8.865832364559920187e-01,1.475598984489639998e-01,-7.339447629897459524e-02,-1.316546451703189957e+00,-7.959110128963999345e-03,3.573753948214419829e-01,1.402471249116049867e-01,-1.511105421390259940e+00,-1.521231463728960065e-01,-7.039616490008659966e-02,2.888083263842659842e-02,1.362649373725889901e-01,-1.138349763262710007e-01,-1.008868510723859968e+00,-4.754372360110160067e-01,-2.687394690861860114e-01,-7.546167960305559808e-01,-9.884953065070699596e-01,-6.313117534224610417e-01,-9.687844606258420033e-01,-5.060747089386670172e-01,-3.300626145576819881e-01,-3.189508357786600013e-03,-4.027471174067869808e-01,1.430733834267420013e-01,-6.925661473830619919e-01,-3.097687100763130141e-01,-7.555772915474899820e-01,-1.575528424230880076e-01,-3.850264273337309917e-01,-2.457379706233369931e-01,-2.157255215770660151e+00,-1.028538574785129930e-02,5.028738454673809671e-02,-7.659408354528669527e-01,-8.107176219096519365e-02,-5.619648491720979910e-01,3.491382143719090059e-01,1.745893642090750042e+00,1.921032061603090035e+00,-1.461397588137469894e+00,-1.631655916849289900e+00,-1.346707991176459895e+00,-1.944344181715949915e+00,-1.076369409290709900e+00,1.985545782132000134e-04,4.241401972055640179e+00,5.311055684091679829e+00,5.506600619673140073e+00,9.485219276923729792e-01,5.934420528600430067e-02,5.000000000000000000e+01,7.933533402912351651e-01,-6.087614290087206559e-01
3.125600520574259994e-02,1.784775786027700040e+00,4.631195129178520276e+00,2.014468830342070138e+00,4.735142268665489595e+00,-6.221873799632590130e-01,-1.583465835671850064e+00,2.300640699256580213e+00,-5.917677909008840498e-01,-4.558002435363060073e-02,2.462312014779319824e+00,2.412311393543780103e+00,1.712658247761440045e+00,-4.925097776212200018e-01,1.577039351985570104e+00,3.522845726331380156e+00,1.504320730539999929e+00,6.067328645997699610e+00,6.496438496076979874e+00,-1.761641845928439976e-01,1.023179315095859909e+00,1.038556032047919908e+00,-7.700147236661040173e-01,1.492389874249739901e-01,3.669629136057009910e-01,-3.143598638348010232e-01,4.338663745760150015e+00,1.819754169849040037e+00,3.772079421972300214e-03,-5.145061999940649805e-02,-4.772962233807470089e-01,3.882164568746730104e+00,4.764410129082659928e+00,-8.977525158876310529e-01,-9.858040876162299515e-01,1.229082863910109902e+00,1.491796781634169955e+00,-1.340790814677670084e-01,-1.546377954227309948e+00,-3.876393471024949799e-01,-8.978251331066730012e-01,-1.254018079245319939e+00,-1.266578841499730101e+00,1.164415631926180028e+00,-6.872832403203269491e-01,-1.766681531942049910e+00,7.125674559549449727e-01,-3.843045456121890052e-02,-4.107969066371460198e-01,-6.316341279681979559e-01,-2.165167659243880105e-02,-2.607776747690090158e+00,5.216541806118789815e+00,-9.554348049070330307e-01,-2.102228613645530098e-01,-4.462859175145409973e-01,-1.136674814186289906e+00,-1.438648750792560077e-02,1.621994587141609989e-01,4.036172769728189891e-02,-1.395422207932399905e+00,-4.866814174948850269e-01,-5.293029146278399599e-01,-4.728322082275530081e-01,-1.954117302629299890e-01,-2.975187545221419927e-01,-8.333455032121389605e-01,-7.183118835169209904e-01,-7.006849973049800173e-01,-1.271116238259569986e+00,-1.301772453669050034e+00,-7.881014562964220316e-01,-8.763671199408650248e-01,-1.268047687572990023e+00,-1.212205882859870076e+00,-5.907616558835749876e-01,-6.292913663671140245e-01,-1.073522827450219957e-01,-1.050549594360510097e+00,6.345627030630800469e-01,-1.051245113461350078e+00,-2.668112041074959806e-01,-3.398903687871190210e-02,-3.601184454221810216e-01,-2.131463125085189869e+00,3.575228817034750012e-02,-5.421988957272549925e-01,-1.080724402052670063e+00,6.607526679755990062e-02,-4.663983283345800035e-01,1.770847795080379983e-01,1.237283881378389960e+00,2.499086044431030107e+00,-1.266715866667819990e+00,-1.677925738496099939e+00,-1.146111005127490090e+00,-1.462121650364760050e+00,-1.379865055361539916e+00,-4.580822906712699871e-01,4.243304692093899710e+00,5.399406612582460241e+00,5.432365217593120299e+00,9.035291511857650448e-01,-1.235100660536500028e-01,5.000000000000000000e+01,7.071067811865475727e-01,-7.071067811865474617e-01
1.481723557631119959e-01,1.576954938622209923e+00,4.011102597233159983e+00,2.597328807833060083e+00,3.583746829711279780e+00,-6.330334818889450377e-01,7.117322516935710164e-01,3.411327246705490035e-01,-8.692745380619329998e-01,7.461225630117100660e-02,3.354733995182070050e+00,3.344347537894530209e+00,1.317122906573719998e+00,2.208313618476190066e-01,-2.809489738354910005e-01,3.045725020004370176e+00,5.963048101355870045e-01,3.225245689069470068e+00,4.068799840992750383e+00,-1.456339627600490017e-01,8.941218727783479814e-01,5.394535222851020162e-01,-3.565748851897019844e-01,-1.759466929149229864e-01,6.381087495411249533e-01,-3.124977097784389923e-01,3.703393187002249842e+00,8.280911544223650278e-01,-2.508518445825450027e-01,2.517221311061479949e-01,-7.925390325073869979e-01,2.407503636378330203e+00,3.183408927707660041e+00,-3.230698689432259796e-01,-3.289051042869099994e-01,-7.818428468034170631e-02,8.502457076943240044e-02,2.275575621374889904e-02,-9.667522870459980266e-01,-4.954498767862500208e-01,-8.897724124663070056e-01,-4.138340815281070229e-01,-6.547553206217580080e-01,4.501392309921429802e-01,-3.581475955451159932e-01,-6.507401730064189538e-01,5.267986084106629496e-01,4.870998083752010044e-01,-2.480941605524789872e-01,9.443470509631799251e-03,-2.991033036839519932e-01,-1.035996050262040002e+00,1.059458383448030006e+00,-2.458237580154269963e-01,-1.143271714616119969e-02,2.588629941960460257e-01,-6.999913791276169972e-01,1.147295178073999972e-01,2.707506899987129900e-01,4.427072250861530112e-02,-7.551559454639590330e-01,-3.367201050422160002e-01,-1.066856294264330041e-01,1.099075456383079991e-01,1.625067791898029967e-01,1.302041269404959900e-01,-3.890324583872569741e-01,-4.859252072414830259e-01,8.520540785745650547e-02,1.100958347505699986e-01,1.292556318057979936e-01,2.975176697040490120e-02,-4.655381124070949728e-01,-8.192292928350870529e-01,-7.506896758656399493e-01,-5.129834203288099470e-01,-4.472292134345819820e-02,2.914449687117229848e-01,-7.685913751848469921e-01,4.849751857348259809e-02,-5.964641871512960103e-01,1.021939565079700019e-01,-2.415947898979569908e-01,-1.945329000671680020e-01,-5.944781301158109654e-01,1.906340638754429884e-01,-5.251359247936430302e-02,-2.300785750106439931e-01,-2.312254218446559983e-01,-3.900184497247399795e-01,3.087247031314990231e-01,9.345039439218829624e-01,1.818166180618830063e+00,-1.336816170522630021e+00,-1.366325252831660064e+00,-1.119959209467890071e+00,-1.312203255121940026e+00,-4.902552981122410003e-01,1.322386619585169953e-01,2.900313136912520129e+00,4.757545094420059684e+00,4.677433994201510181e+00,3.239030464358739758e-01,7.535307778956690239e-01,3.750000000000000000e+02,6.593458151000689549e-01,-7.518398074789772734e-01
2.160915511747689977e-01,1.796680622888569889e+00,3.858721429098120215e+00,1.301082591383919906e+00,3.206029477345819778e+00,-2.773578039477129775e-01,1.538747103906039915e-01,5.168673628375229923e-01,-4.578823194937109986e-01,-2.704825030952329873e-02,3.663252205574099918e+00,3.475176805190240081e+00,1.774416982479019911e+00,4.769154479184100071e-01,2.182046156498810008e-01,2.886770682033469981e+00,5.717839559241759684e-01,3.737084151742600113e+00,4.272810285653020124e+00,2.264899415212799916e-01,9.554078451983659681e-01,4.528550935743360095e-01,-5.401754164701270122e-01,2.379756503764579936e-02,7.619264820755680123e-01,-3.205305742373120159e-01,3.494197606327240191e+00,6.953054270439600337e-01,-1.386858275249769901e-01,2.056703445886780002e-01,-5.474332492451520205e-01,2.365220851451269812e+00,3.066982752974729998e+00,-1.055120432981090060e-02,-2.460194316092469830e-02,1.256554658552890003e-01,3.791084181434120071e-01,-2.215181116178679965e-01,-1.119295299913380060e+00,-5.154686889808010042e-01,-6.448897510080010553e-01,1.952738573703269864e-01,-1.952046847796490014e-01,6.312130323305770174e-01,2.330215620163010037e-01,-5.942079340051139580e-01,4.269372697182199916e-01,4.627533652039960144e-01,2.098739637231619992e-01,-4.928348541008650135e-02,-2.737841305684770021e-01,-8.747292520185400155e-01,1.347443687105799981e+00,-9.418466161124380287e-01,4.352589788643719815e-01,-4.653781904189970009e-02,-1.598605521101519877e-01,2.260410943900220127e-01,3.718815617009100238e-01,2.493920533328390088e-01,-1.042495535271990015e-01,-1.405450134657189876e-01,1.107333213310690012e-01,1.974571648066250074e-01,4.583814409615090124e-01,3.617061825530210051e-01,-9.058056771815939934e-01,-2.654276934620439787e-01,1.162127188904770042e-01,2.658896779270850108e-01,2.529095671328500106e-01,2.206572354271159886e-01,-5.268469350882140079e-01,-5.696945722416999480e-01,-4.664518281475780181e-01,-1.249087422176960033e-01,-5.635083995244179883e-02,3.861411255540190268e-01,-1.726188825978479890e+00,-3.130584818906799738e-01,-8.468759459796799671e-01,-4.093536770978919992e-01,-2.081024772713789897e-02,-1.004465142174580050e+00,-2.048253570089240139e-01,2.953814881286739857e-01,-1.437096009519769901e-01,-8.293190710331139748e-01,-4.690382269284590344e-02,-8.565362816099130194e-01,4.268421379434459983e-01,7.271261984306000015e-01,1.250030507291320037e+00,-1.302064726972139930e+00,-1.039176147340209910e+00,-1.010850727512420111e+00,-1.555783180970820023e+00,-8.848572772543490395e-01,1.020782832514119942e-01,2.940189758739450099e+00,4.702437112789990437e+00,4.471566556172179574e+00,5.820417855768870163e-01,2.294701423098700066e-01,3.500000000000000000e+02,6.087614290087208779e-01,-7.933533402912349430e-01
2.947035028761559872e-01,1.677556643125569957e+00,4.067328207457490130e+00,9.125963544340249811e-01,3.429877528700770117e+00,-4.032071964395649855e-01,3.992598815908779963e-01,7.631319152165979558e-01,-8.226741870836420389e-01,4.190117062531940051e-01,3.724544489760889920e+00,3.725082582316760149e+00,1.876864121255489959e+00,6.061009499209569773e-01,2.692152338285910135e-02,2.855493232866300080e+00,-1.366384953064780083e-01,3.786095213478480215e+00,4.666678426290060244e+00,1.026465793710019947e-01,-1.720338122560249872e-01,6.444129066261430339e-01,-6.385346948063540529e-01,-2.784372788849360236e-01,5.888070464650549951e-01,-1.813701835646089888e-01,3.705869554965000034e+00,7.951472900036520297e-01,8.404964871097030110e-02,1.805723141523430109e-01,-1.738736094551769917e-01,2.483891419836830039e+00,3.264857274067220150e+00,2.368971622291919932e-01,2.611816408803410150e-01,1.622390933007340080e-02,2.431751285761959980e-01,-1.899163226668499904e-01,-6.770681637252720098e-01,-5.286549678235570315e-01,-5.379551678395729786e-01,3.362214172541099777e-01,-3.259327956417700234e-01,3.717997794883630136e-01,5.470580901390159623e-01,-3.327188118464139976e-01,3.125396747732169800e-01,5.908950200271230191e-01,3.446019414054090069e-01,6.067770950028639892e-02,2.598229136814529938e-01,-8.555611912413869646e-01,1.708527310628559892e+00,-1.374239329101710094e+00,5.029287964155859658e-01,-8.081132820433389874e-02,2.061670387359280099e-01,9.944080785521759724e-02,2.092890983096599988e-01,2.613653625589820173e-01,-1.801096675164370053e-01,-3.433307688158999862e-03,1.046918090592930013e-02,-3.978869898379399847e-03,4.887978594942800070e-01,4.100531671136279921e-01,-1.168642157627890033e+00,-9.135811575164259901e-02,6.292071366477619554e-01,6.332246847569079629e-01,5.962012747677249980e-01,4.638797607292780012e-01,-4.229615856299109855e-01,-3.019882230811399837e-01,-1.778472468832779929e-01,1.141482619298249922e-02,3.479642578000309849e-01,1.776728433322860012e-01,-1.372280040312590099e+00,-1.382723006404459998e+00,-9.538747293356210077e-01,-8.334839130898800130e-01,-2.928493341980840103e-01,-1.102875760122699944e+00,-7.097106857702720206e-02,3.048587984953449737e-01,-3.707529639707790037e-01,-8.289582190199360490e-01,2.367519543256229875e-01,-1.066108631506690108e+00,4.055818333336170256e-01,8.731446470072969923e-01,1.418546287059299971e+00,-9.794820008731940364e-01,-1.443311564769399924e+00,-1.140680130892639976e+00,-1.419415409015289953e+00,-1.350099218704220005e+00,2.980187148356019944e-01,2.808067105565990040e+00,4.721033021947230068e+00,4.752138143729140118e+00,5.710323751839180284e-01,2.534323157326540121e-01,3.000000000000000000e+02,4.999999999999999445e-01,-8.660254037844387076e-01
